ra,dec,d,phase,start_times,end_times
0.0,0.0,0.0,0,2023-10-18T11:55:55Z,2023-10-19T11:55:55Z
0.0,0.0,0.0,1,2023-10-19T11:55:55Z,2023-10-20T11:55:55Z
0.0,0.0,0.0,2,2023-10-20T11:55:55Z,2023-10-21T11:55:55Z
0.0,0.0,0.0,3,2023-10-21T11:55:55Z,2023-10-22T11:55:55Z
0.0,0.0,0.0,4,2023-10-22T11:55:55Z,2023-10-23T11:55:55Z
0.0,0.0,0.0,5,2023-10-23T11:55:55Z,2023-10-24T11:55:55Z
0.0,0.0,0.0,6,2023-10-24T11:55:55Z,2023-10-25T11:55:55Z
0.0,0.0,0.0,7,2023-10-25T11:55:55Z,2023-10-26T11:55:55Z
0.0,0.0,0.0,8,2023-10-26T11:55:55Z,2023-10-27T11:55:55Z
0.0,0.0,0.0,9,2023-10-27T11:55:55Z,2023-10-28T11:55:55Z
0.0,0.0,0.0,10,2023-10-28T11:55:55Z,2023-10-29T11:55:55Z
0.0,0.0,0.0,11,2023-10-29T11:55:55Z,2023-10-30T11:55:55Z
0.0,0.0,0.0,12,2023-10-30T11:55:55Z,2023-10-31T11:55:55Z
0.0,0.0,0.0,13,2023-10-31T11:55:55Z,2023-11-01T11:55:55Z
0.0,0.0,0.0,14,2023-11-01T11:55:55Z,2023-11-02T11:55:55Z
0.0,0.0,0.0,15,2023-11-02T11:55:55Z,2023-11-03T11:55:55Z
0.0,0.0,0.0,16,2023-11-03T11:55:55Z,2023-11-04T11:55:55Z
0.0,0.0,0.0,17,2023-11-04T11:55:55Z,2023-11-05T11:55:55Z
0.0,0.0,0.0,18,2023-11-05T11:55:55Z,2023-11-06T11:55:55Z
0.0,0.0,0.0,19,2023-11-06T11:55:55Z,2023-11-07T11:55:55Z
0.0,0.0,0.0,20,2023-11-07T11:55:55Z,2023-11-08T11:55:55Z
0.0,0.0,0.0,21,2023-11-08T11:55:55Z,2023-11-09T11:55:55Z
0.0,0.0,0.0,22,2023-11-09T11:55:55Z,2023-11-10T11:55:55Z
0.0,0.0,0.0,23,2023-11-10T11:55:55Z,2023-11-11T11:55:55Z
0.0,0.0,0.0,24,2023-11-11T11:55:55Z,2023-11-12T11:55:55Z
0.0,0.0,0.0,25,2023-11-12T11:55:55Z,2023-11-13T11:55:55Z
0.0,0.0,0.0,26,2023-11-13T11:55:55Z,2023-11-14T11:55:55Z
0.0,0.0,0.0,27,2023-11-14T11:55:55Z,2023-11-15T11:55:55Z
0.0,0.0,0.0,28,2023-11-15T11:55:55Z,2023-11-16T11:55:55Z
0.0,0.0,0.0,29,2023-11-16T11:55:55Z,2023-11-17T11:55:55Z
0.0,0.0,0.0,30,2023-11-17T11:55:55Z,2023-11-18T11:55:55Z
0.0,0.0,0.0,31,2023-11-18T11:55:55Z,2023-11-19T11:55:55Z
0.0,0.0,0.0,32,2023-11-19T11:55:55Z,2023-11-20T11:55:55Z
0.0,0.0,0.0,33,2023-11-20T11:55:55Z,2023-11-21T11:55:55Z
0.0,0.0,0.0,34,2023-11-21T11:55:55Z,2023-11-22T11:55:55Z
0.0,0.0,0.0,35,2023-11-22T11:55:55Z,2023-11-23T11:55:55Z
0.0,0.0,0.0,36,2023-11-23T11:55:55Z,2023-11-24T11:55:55Z
0.0,0.0,0.0,37,2023-11-24T11:55:55Z,2023-11-25T11:55:55Z
0.0,0.0,0.0,38,2023-11-25T11:55:55Z,2023-11-26T11:55:55Z
0.0,0.0,0.0,39,2023-11-26T11:55:55Z,2023-11-27T11:55:55Z
0.0,0.0,0.0,40,2023-11-27T11:55:55Z,2023-11-28T11:55:55Z
0.0,0.0,0.0,41,2023-11-28T11:55:55Z,2023-11-29T11:55:55Z
0.0,0.0,0.0,42,2023-11-29T11:55:55Z,2023-11-30T11:55:55Z
0.0,0.0,0.0,43,2023-11-30T11:55:55Z,2023-12-01T11:55:55Z
0.0,0.0,0.0,44,2023-12-01T11:55:55Z,2023-12-02T11:55:55Z
0.0,0.0,0.0,45,2023-12-02T11:55:55Z,2023-12-03T11:55:55Z
0.0,0.0,0.0,46,2023-12-03T11:55:55Z,2023-12-04T11:55:55Z
0.0,0.0,0.0,47,2023-12-04T11:55:55Z,2023-12-05T11:55:55Z
0.0,0.0,0.0,48,2023-12-05T11:55:55Z,2023-12-06T11:55:55Z
0.0,0.0,0.0,49,2023-12-06T11:55:55Z,2023-12-07T11:55:55Z
0.0,0.0,0.0,50,2023-12-07T11:55:55Z,2023-12-08T11:55:55Z
0.0,0.0,0.0,51,2023-12-08T11:55:55Z,2023-12-09T11:55:55Z
0.0,0.0,0.0,52,2023-12-09T11:55:55Z,2023-12-10T11:55:55Z
0.0,0.0,0.0,53,2023-12-10T11:55:55Z,2023-12-11T11:55:55Z
0.0,0.0,0.0,54,2023-12-11T11:55:55Z,2023-12-12T11:55:55Z
0.0,0.0,0.0,55,2023-12-12T11:55:55Z,2023-12-13T11:55:55Z
0.0,0.0,0.0,56,2023-12-13T11:55:55Z,2023-12-14T11:55:55Z
0.0,0.0,0.0,57,2023-12-14T11:55:55Z,2023-12-15T11:55:55Z
0.0,0.0,0.0,58,2023-12-15T11:55:55Z,2023-12-16T11:55:55Z
0.0,0.0,0.0,59,2023-12-16T11:55:55Z,2023-12-17T11:55:55Z
0.0,0.0,0.0,60,2023-12-17T11:55:55Z,2023-12-18T11:55:55Z
0.0,0.0,0.0,61,2023-12-18T11:55:55Z,2023-12-19T11:55:55Z
0.0,0.0,0.0,62,2023-12-19T11:55:55Z,2023-12-20T11:55:55Z
0.0,0.0,0.0,63,2023-12-20T11:55:55Z,2023-12-21T11:55:55Z
0.0,0.0,0.0,64,2023-12-21T11:55:55Z,2023-12-22T11:55:55Z
0.0,0.0,0.0,65,2023-12-22T11:55:55Z,2023-12-23T11:55:55Z
0.0,0.0,0.0,66,2023-12-23T11:55:55Z,2023-12-24T11:55:55Z
0.0,0.0,0.0,67,2023-12-24T11:55:55Z,2023-12-25T11:55:55Z
0.0,0.0,0.0,68,2023-12-25T11:55:55Z,2023-12-26T11:55:55Z
0.0,0.0,0.0,69,2023-12-26T11:55:55Z,2023-12-27T11:55:55Z
0.0,0.0,0.0,70,2023-12-27T11:55:55Z,2023-12-28T11:55:55Z
0.0,0.0,0.0,71,2023-12-28T11:55:55Z,2023-12-29T11:55:55Z
0.0,0.0,0.0,72,2023-12-29T11:55:55Z,2023-12-30T11:55:55Z
0.0,0.0,0.0,73,2023-12-30T11:55:55Z,2023-12-31T11:55:55Z
0.0,0.0,0.0,74,2023-12-31T11:55:55Z,2024-01-01T11:55:55Z
0.0,0.0,0.0,75,2024-01-01T11:55:55Z,2024-01-02T11:55:55Z
0.0,0.0,0.0,76,2024-01-02T11:55:55Z,2024-01-03T11:55:55Z
0.0,0.0,0.0,77,2024-01-03T11:55:55Z,2024-01-04T11:55:55Z
0.0,0.0,0.0,78,2024-01-04T11:55:55Z,2024-01-05T11:55:55Z
0.0,0.0,0.0,79,2024-01-05T11:55:55Z,2024-01-06T11:55:55Z
0.0,0.0,0.0,80,2024-01-06T11:55:55Z,2024-01-07T11:55:55Z
0.0,0.0,0.0,81,2024-01-07T11:55:55Z,2024-01-08T11:55:55Z
0.0,0.0,0.0,82,2024-01-08T11:55:55Z,2024-01-09T11:55:55Z
0.0,0.0,0.0,83,2024-01-09T11:55:55Z,2024-01-10T11:55:55Z
0.0,0.0,0.0,84,2024-01-10T11:55:55Z,2024-01-11T11:55:55Z
0.0,0.0,0.0,85,2024-01-11T11:55:55Z,2024-01-12T11:55:55Z
0.0,0.0,0.0,86,2024-01-12T11:55:55Z,2024-01-13T11:55:55Z
0.0,0.0,0.0,87,2024-01-13T11:55:55Z,2024-01-14T11:55:55Z
0.0,0.0,0.0,88,2024-01-14T11:55:55Z,2024-01-15T11:55:55Z
0.0,0.0,0.0,89,2024-01-15T11:55:55Z,2024-01-16T11:55:55Z
0.0,0.0,0.0,90,2024-01-16T11:55:55Z,2024-01-17T11:55:55Z
0.0,0.0,0.0,91,2024-01-17T11:55:55Z,2024-01-18T11:55:55Z
0.0,0.0,0.0,92,2024-01-18T11:55:55Z,2024-01-19T11:55:55Z
0.0,0.0,0.0,93,2024-01-19T11:55:55Z,2024-01-20T11:55:55Z
0.0,0.0,0.0,94,2024-01-20T11:55:55Z,2024-01-21T11:55:55Z
0.0,0.0,0.0,95,2024-01-21T11:55:55Z,2024-01-22T11:55:55Z
0.0,0.0,0.0,96,2024-01-22T11:55:55Z,2024-01-23T11:55:55Z
0.0,0.0,0.0,97,2024-01-23T11:55:55Z,2024-01-24T11:55:55Z
0.0,0.0,0.0,98,2024-01-24T11:55:55Z,2024-01-25T11:55:55Z
0.0,0.0,0.0,99,2024-01-25T11:55:55Z,2024-01-26T11:55:55Z
0.0,0.0,0.0,100,2024-01-26T11:55:55Z,2024-01-27T11:55:55Z
0.0,0.0,0.0,101,2024-01-27T11:55:55Z,2024-01-28T11:55:55Z
0.0,0.0,0.0,102,2024-01-28T11:55:55Z,2024-01-29T11:55:55Z
0.0,0.0,0.0,103,2024-01-29T11:55:55Z,2024-01-30T11:55:55Z
0.0,0.0,0.0,104,2024-01-30T11:55:55Z,2024-01-31T11:55:55Z
0.0,0.0,0.0,105,2024-01-31T11:55:55Z,2024-02-01T11:55:55Z
0.0,0.0,0.0,106,2024-02-01T11:55:55Z,2024-02-02T11:55:55Z
0.0,0.0,0.0,107,2024-02-02T11:55:55Z,2024-02-03T11:55:55Z
0.0,0.0,0.0,108,2024-02-03T11:55:55Z,2024-02-04T11:55:55Z
0.0,0.0,0.0,109,2024-02-04T11:55:55Z,2024-02-05T11:55:55Z
0.0,0.0,0.0,110,2024-02-05T11:55:55Z,2024-02-06T11:55:55Z
0.0,0.0,0.0,111,2024-02-06T11:55:55Z,2024-02-07T11:55:55Z
0.0,0.0,0.0,112,2024-02-07T11:55:55Z,2024-02-08T11:55:55Z
0.0,0.0,0.0,113,2024-02-08T11:55:55Z,2024-02-09T11:55:55Z
0.0,0.0,0.0,114,2024-02-09T11:55:55Z,2024-02-10T11:55:55Z
0.0,0.0,0.0,115,2024-02-10T11:55:55Z,2024-02-11T11:55:55Z
0.0,0.0,0.0,116,2024-02-11T11:55:55Z,2024-02-12T11:55:55Z
0.0,0.0,0.0,117,2024-02-12T11:55:55Z,2024-02-13T11:55:55Z
0.0,0.0,0.0,118,2024-02-13T11:55:55Z,2024-02-14T11:55:55Z
0.0,0.0,0.0,119,2024-02-14T11:55:55Z,2024-02-15T11:55:55Z
0.0,0.0,0.0,120,2024-02-15T11:55:55Z,2024-02-16T11:55:55Z
0.0,0.0,0.0,121,2024-02-16T11:55:55Z,2024-02-17T11:55:55Z
0.0,0.0,0.0,122,2024-02-17T11:55:55Z,2024-02-18T11:55:55Z
0.0,0.0,0.0,123,2024-02-18T11:55:55Z,2024-02-19T11:55:55Z
0.0,0.0,0.0,124,2024-02-19T11:55:55Z,2024-02-20T11:55:55Z
0.0,0.0,0.0,125,2024-02-20T11:55:55Z,2024-02-21T11:55:55Z
0.0,0.0,0.0,126,2024-02-21T11:55:55Z,2024-02-22T11:55:55Z
0.0,0.0,0.0,127,2024-02-22T11:55:55Z,2024-02-23T11:55:55Z
0.0,0.0,0.0,128,2024-02-23T11:55:55Z,2024-02-24T11:55:55Z
0.0,0.0,0.0,129,2024-02-24T11:55:55Z,2024-02-25T11:55:55Z
0.0,0.0,0.0,130,2024-02-25T11:55:55Z,2024-02-26T11:55:55Z
0.0,0.0,0.0,131,2024-02-26T11:55:55Z,2024-02-27T11:55:55Z
0.0,0.0,0.0,132,2024-02-27T11:55:55Z,2024-02-28T11:55:55Z
0.0,0.0,0.0,133,2024-02-28T11:55:55Z,2024-02-29T11:55:55Z
0.0,0.0,0.0,134,2024-02-29T11:55:55Z,2024-03-01T11:55:55Z
0.0,0.0,0.0,135,2024-03-01T11:55:55Z,2024-03-02T11:55:55Z
0.0,0.0,0.0,136,2024-03-02T11:55:55Z,2024-03-03T11:55:55Z
0.0,0.0,0.0,137,2024-03-03T11:55:55Z,2024-03-04T11:55:55Z
0.0,0.0,0.0,138,2024-03-04T11:55:55Z,2024-03-05T11:55:55Z
0.0,0.0,0.0,139,2024-03-05T11:55:55Z,2024-03-06T11:55:55Z
0.0,0.0,0.0,140,2024-03-06T11:55:55Z,2024-03-07T11:55:55Z
0.0,0.0,0.0,141,2024-03-07T11:55:55Z,2024-03-08T11:55:55Z
0.0,0.0,0.0,142,2024-03-08T11:55:55Z,2024-03-09T11:55:55Z
0.0,0.0,0.0,143,2024-03-09T11:55:55Z,2024-03-10T11:55:55Z
0.0,0.0,0.0,144,2024-03-10T11:55:55Z,2024-03-11T11:55:55Z
0.0,0.0,0.0,145,2024-03-11T11:55:55Z,2024-03-12T11:55:55Z
0.0,0.0,0.0,146,2024-03-12T11:55:55Z,2024-03-13T11:55:55Z
0.0,0.0,0.0,147,2024-03-13T11:55:55Z,2024-03-14T11:55:55Z
0.0,0.0,0.0,148,2024-03-14T11:55:55Z,2024-03-15T11:55:55Z
0.0,0.0,0.0,149,2024-03-15T11:55:55Z,2024-03-16T11:55:55Z
0.0,0.0,0.0,150,2024-03-16T11:55:55Z,2024-03-17T11:55:55Z
0.0,0.0,0.0,151,2024-03-17T11:55:55Z,2024-03-18T11:55:55Z
0.0,0.0,0.0,152,2024-03-18T11:55:55Z,2024-03-19T11:55:55Z
0.0,0.0,0.0,153,2024-03-19T11:55:55Z,2024-03-20T11:55:55Z
0.0,0.0,0.0,154,2024-03-20T11:55:55Z,2024-03-21T11:55:55Z
0.0,0.0,0.0,155,2024-03-21T11:55:55Z,2024-03-22T11:55:55Z
0.0,0.0,0.0,156,2024-03-22T11:55:55Z,2024-03-23T11:55:55Z
0.0,0.0,0.0,157,2024-03-23T11:55:55Z,2024-03-24T11:55:55Z
0.0,0.0,0.0,158,2024-03-24T11:55:55Z,2024-03-25T11:55:55Z
0.0,0.0,0.0,159,2024-03-25T11:55:55Z,2024-03-26T11:55:55Z
0.0,0.0,0.0,160,2024-03-26T11:55:55Z,2024-03-27T11:55:55Z
0.0,0.0,0.0,161,2024-03-27T11:55:55Z,2024-03-28T11:55:55Z
0.0,0.0,0.0,162,2024-03-28T11:55:55Z,2024-03-29T11:55:55Z
0.0,0.0,0.0,163,2024-03-29T11:55:55Z,2024-03-30T11:55:55Z
0.0,0.0,0.0,164,2024-03-30T11:55:55Z,2024-03-31T11:55:55Z
0.0,0.0,0.0,165,2024-03-31T11:55:55Z,2024-04-01T11:55:55Z
0.0,0.0,0.0,166,2024-04-01T11:55:55Z,2024-04-02T11:55:55Z
0.0,0.0,0.0,167,2024-04-02T11:55:55Z,2024-04-03T11:55:55Z
0.0,0.0,0.0,168,2024-04-03T11:55:55Z,2024-04-04T11:55:55Z
0.0,0.0,0.0,169,2024-04-04T11:55:55Z,2024-04-05T11:55:55Z
0.0,0.0,0.0,170,2024-04-05T11:55:55Z,2024-04-06T11:55:55Z
0.0,0.0,0.0,171,2024-04-06T11:55:55Z,2024-04-07T11:55:55Z
0.0,0.0,0.0,172,2024-04-07T11:55:55Z,2024-04-08T11:55:55Z
0.0,0.0,0.0,173,2024-04-08T11:55:55Z,2024-04-09T11:55:55Z
0.0,0.0,0.0,174,2024-04-09T11:55:55Z,2024-04-10T11:55:55Z
0.0,0.0,0.0,175,2024-04-10T11:55:55Z,2024-04-11T11:55:55Z
0.0,0.0,0.0,176,2024-04-11T11:55:55Z,2024-04-12T11:55:55Z
0.0,0.0,0.0,177,2024-04-12T11:55:55Z,2024-04-13T11:55:55Z
0.0,0.0,0.0,178,2024-04-13T11:55:55Z,2024-04-14T11:55:55Z
0.0,0.0,0.0,179,2024-04-14T11:55:55Z,2024-04-15T11:55:55Z
0.0,0.0,0.0,180,2024-04-15T11:55:55Z,2024-04-16T11:55:55Z
0.0,0.0,0.0,181,2024-04-16T11:55:55Z,2024-04-17T11:55:55Z
0.0,0.0,0.0,182,2024-04-17T11:55:55Z,2024-04-18T11:55:55Z
0.0,0.0,0.0,183,2024-04-18T11:55:55Z,2024-04-19T11:55:55Z
0.0,0.0,0.0,184,2024-04-19T11:55:55Z,2024-04-20T11:55:55Z
0.0,0.0,0.0,185,2024-04-20T11:55:55Z,2024-04-21T11:55:55Z
0.0,0.0,0.0,186,2024-04-21T11:55:55Z,2024-04-22T11:55:55Z
0.0,0.0,0.0,187,2024-04-22T11:55:55Z,2024-04-23T11:55:55Z
0.0,0.0,0.0,188,2024-04-23T11:55:55Z,2024-04-24T11:55:55Z
0.0,0.0,0.0,189,2024-04-24T11:55:55Z,2024-04-25T11:55:55Z
0.0,0.0,0.0,190,2024-04-25T11:55:55Z,2024-04-26T11:55:55Z
0.0,0.0,0.0,191,2024-04-26T11:55:55Z,2024-04-27T11:55:55Z
0.0,0.0,0.0,192,2024-04-27T11:55:55Z,2024-04-28T11:55:55Z
0.0,0.0,0.0,193,2024-04-28T11:55:55Z,2024-04-29T11:55:55Z
0.0,0.0,0.0,194,2024-04-29T11:55:55Z,2024-04-30T11:55:55Z
0.0,0.0,0.0,195,2024-04-30T11:55:55Z,2024-05-01T11:55:55Z
0.0,0.0,0.0,196,2024-05-01T11:55:55Z,2024-05-02T11:55:55Z
0.0,0.0,0.0,197,2024-05-02T11:55:55Z,2024-05-03T11:55:55Z
0.0,0.0,0.0,198,2024-05-03T11:55:55Z,2024-05-04T11:55:55Z
0.0,0.0,0.0,199,2024-05-04T11:55:55Z,2024-05-05T11:55:55Z
0.0,0.0,0.0,200,2024-05-05T11:55:55Z,2024-05-06T11:55:55Z
0.0,0.0,0.0,201,2024-05-06T11:55:55Z,2024-05-07T11:55:55Z
0.0,0.0,0.0,202,2024-05-07T11:55:55Z,2024-05-08T11:55:55Z
0.0,0.0,0.0,203,2024-05-08T11:55:55Z,2024-05-09T11:55:55Z
0.0,0.0,0.0,204,2024-05-09T11:55:55Z,2024-05-10T11:55:55Z
0.0,0.0,0.0,205,2024-05-10T11:55:55Z,2024-05-11T11:55:55Z
0.0,0.0,0.0,206,2024-05-11T11:55:55Z,2024-05-12T11:55:55Z
0.0,0.0,0.0,207,2024-05-12T11:55:55Z,2024-05-13T11:55:55Z
0.0,0.0,0.0,208,2024-05-13T11:55:55Z,2024-05-14T11:55:55Z
0.0,0.0,0.0,209,2024-05-14T11:55:55Z,2024-05-15T11:55:55Z
0.0,0.0,0.0,210,2024-05-15T11:55:55Z,2024-05-16T11:55:55Z
0.0,0.0,0.0,211,2024-05-16T11:55:55Z,2024-05-17T11:55:55Z
0.0,0.0,0.0,212,2024-05-17T11:55:55Z,2024-05-18T11:55:55Z
0.0,0.0,0.0,213,2024-05-18T11:55:55Z,2024-05-19T11:55:55Z
0.0,0.0,0.0,214,2024-05-19T11:55:55Z,2024-05-20T11:55:55Z
0.0,0.0,0.0,215,2024-05-20T11:55:55Z,2024-05-21T11:55:55Z
0.0,0.0,0.0,216,2024-05-21T11:55:55Z,2024-05-22T11:55:55Z
0.0,0.0,0.0,217,2024-05-22T11:55:55Z,2024-05-23T11:55:55Z
0.0,0.0,0.0,218,2024-05-23T11:55:55Z,2024-05-24T11:55:55Z
0.0,0.0,0.0,219,2024-05-24T11:55:55Z,2024-05-25T11:55:55Z
0.0,0.0,0.0,220,2024-05-25T11:55:55Z,2024-05-26T11:55:55Z
0.0,0.0,0.0,221,2024-05-26T11:55:55Z,2024-05-27T11:55:55Z
0.0,0.0,0.0,222,2024-05-27T11:55:55Z,2024-05-28T11:55:55Z
0.0,0.0,0.0,223,2024-05-28T11:55:55Z,2024-05-29T11:55:55Z
0.0,0.0,0.0,224,2024-05-29T11:55:55Z,2024-05-30T11:55:55Z
0.0,0.0,0.0,225,2024-05-30T11:55:55Z,2024-05-31T11:55:55Z
0.0,0.0,0.0,226,2024-05-31T11:55:55Z,2024-06-01T11:55:55Z
0.0,0.0,0.0,227,2024-06-01T11:55:55Z,2024-06-02T11:55:55Z
0.0,0.0,0.0,228,2024-06-02T11:55:55Z,2024-06-03T11:55:55Z
0.0,0.0,0.0,229,2024-06-03T11:55:55Z,2024-06-04T11:55:55Z
0.0,0.0,0.0,230,2024-06-04T11:55:55Z,2024-06-05T11:55:55Z
0.0,0.0,0.0,231,2024-06-05T11:55:55Z,2024-06-06T11:55:55Z
0.0,0.0,0.0,232,2024-06-06T11:55:55Z,2024-06-07T11:55:55Z
0.0,0.0,0.0,233,2024-06-07T11:55:55Z,2024-06-08T11:55:55Z
0.0,0.0,0.0,234,2024-06-08T11:55:55Z,2024-06-09T11:55:55Z
0.0,0.0,0.0,235,2024-06-09T11:55:55Z,2024-06-10T11:55:55Z
0.0,0.0,0.0,236,2024-06-10T11:55:55Z,2024-06-11T11:55:55Z
0.0,0.0,0.0,237,2024-06-11T11:55:55Z,2024-06-12T11:55:55Z
0.0,0.0,0.0,238,2024-06-12T11:55:55Z,2024-06-13T11:55:55Z
0.0,0.0,0.0,239,2024-06-13T11:55:55Z,2024-06-14T11:55:55Z
0.0,0.0,0.0,240,2024-06-14T11:55:55Z,2024-06-15T11:55:55Z
0.0,0.0,0.0,241,2024-06-15T11:55:55Z,2024-06-16T11:55:55Z
0.0,0.0,0.0,242,2024-06-16T11:55:55Z,2024-06-17T11:55:55Z
0.0,0.0,0.0,243,2024-06-17T11:55:55Z,2024-06-18T11:55:55Z
0.0,0.0,0.0,244,2024-06-18T11:55:55Z,2024-06-19T11:55:55Z
0.0,0.0,0.0,245,2024-06-19T11:55:55Z,2024-06-20T11:55:55Z
0.0,0.0,0.0,246,2024-06-20T11:55:55Z,2024-06-21T11:55:55Z
0.0,0.0,0.0,247,2024-06-21T11:55:55Z,2024-06-22T11:55:55Z
0.0,0.0,0.0,248,2024-06-22T11:55:55Z,2024-06-23T11:55:55Z
0.0,0.0,0.0,249,2024-06-23T11:55:55Z,2024-06-24T11:55:55Z
0.0,0.0,0.0,250,2024-06-24T11:55:55Z,2024-06-25T11:55:55Z
0.0,0.0,0.0,251,2024-06-25T11:55:55Z,2024-06-26T11:55:55Z
0.0,0.0,0.0,252,2024-06-26T11:55:55Z,2024-06-27T11:55:55Z
0.0,0.0,0.0,253,2024-06-27T11:55:55Z,2024-06-28T11:55:55Z
0.0,0.0,0.0,254,2024-06-28T11:55:55Z,2024-06-29T11:55:55Z
0.0,0.0,0.0,255,2024-06-29T11:55:55Z,2024-06-30T11:55:55Z
0.0,0.0,0.0,256,2024-06-30T11:55:55Z,2024-07-01T11:55:55Z
0.0,0.0,0.0,257,2024-07-01T11:55:55Z,2024-07-02T11:55:55Z
0.0,0.0,0.0,258,2024-07-02T11:55:55Z,2024-07-03T11:55:55Z
0.0,0.0,0.0,259,2024-07-03T11:55:55Z,2024-07-04T11:55:55Z
0.0,0.0,0.0,260,2024-07-04T11:55:55Z,2024-07-05T11:55:55Z
0.0,0.0,0.0,261,2024-07-05T11:55:55Z,2024-07-06T11:55:55Z
0.0,0.0,0.0,262,2024-07-06T11:55:55Z,2024-07-07T11:55:55Z
0.0,0.0,0.0,263,2024-07-07T11:55:55Z,2024-07-08T11:55:55Z
0.0,0.0,0.0,264,2024-07-08T11:55:55Z,2024-07-09T11:55:55Z
0.0,0.0,0.0,265,2024-07-09T11:55:55Z,2024-07-10T11:55:55Z
0.0,0.0,0.0,266,2024-07-10T11:55:55Z,2024-07-11T11:55:55Z
0.0,0.0,0.0,267,2024-07-11T11:55:55Z,2024-07-12T11:55:55Z
0.0,0.0,0.0,268,2024-07-12T11:55:55Z,2024-07-13T11:55:55Z
0.0,0.0,0.0,269,2024-07-13T11:55:55Z,2024-07-14T11:55:55Z
0.0,0.0,0.0,270,2024-07-14T11:55:55Z,2024-07-15T11:55:55Z
0.0,0.0,0.0,271,2024-07-15T11:55:55Z,2024-07-16T11:55:55Z
0.0,0.0,0.0,272,2024-07-16T11:55:55Z,2024-07-17T11:55:55Z
0.0,0.0,0.0,273,2024-07-17T11:55:55Z,2024-07-18T11:55:55Z
0.0,0.0,0.0,274,2024-07-18T11:55:55Z,2024-07-19T11:55:55Z
0.0,0.0,0.0,275,2024-07-19T11:55:55Z,2024-07-20T11:55:55Z
0.0,0.0,0.0,276,2024-07-20T11:55:55Z,2024-07-21T11:55:55Z
0.0,0.0,0.0,277,2024-07-21T11:55:55Z,2024-07-22T11:55:55Z
0.0,0.0,0.0,278,2024-07-22T11:55:55Z,2024-07-23T11:55:55Z
0.0,0.0,0.0,279,2024-07-23T11:55:55Z,2024-07-24T11:55:55Z
0.0,0.0,0.0,280,2024-07-24T11:55:55Z,2024-07-25T11:55:55Z
0.0,0.0,0.0,281,2024-07-25T11:55:55Z,2024-07-26T11:55:55Z
0.0,0.0,0.0,282,2024-07-26T11:55:55Z,2024-07-27T11:55:55Z
0.0,0.0,0.0,283,2024-07-27T11:55:55Z,2024-07-28T11:55:55Z
0.0,0.0,0.0,284,2024-07-28T11:55:55Z,2024-07-29T11:55:55Z
0.0,0.0,0.0,285,2024-07-29T11:55:55Z,2024-07-30T11:55:55Z
0.0,0.0,0.0,286,2024-07-30T11:55:55Z,2024-07-31T11:55:55Z
0.0,0.0,0.0,287,2024-07-31T11:55:55Z,2024-08-01T11:55:55Z
0.0,0.0,0.0,288,2024-08-01T11:55:55Z,2024-08-02T11:55:55Z
0.0,0.0,0.0,289,2024-08-02T11:55:55Z,2024-08-03T11:55:55Z
0.0,0.0,0.0,290,2024-08-03T11:55:55Z,2024-08-04T11:55:55Z
0.0,0.0,0.0,291,2024-08-04T11:55:55Z,2024-08-05T11:55:55Z
0.0,0.0,0.0,292,2024-08-05T11:55:55Z,2024-08-06T11:55:55Z
0.0,0.0,0.0,293,2024-08-06T11:55:55Z,2024-08-07T11:55:55Z
0.0,0.0,0.0,294,2024-08-07T11:55:55Z,2024-08-08T11:55:55Z
0.0,0.0,0.0,295,2024-08-08T11:55:55Z,2024-08-09T11:55:55Z
0.0,0.0,0.0,296,2024-08-09T11:55:55Z,2024-08-10T11:55:55Z
0.0,0.0,0.0,297,2024-08-10T11:55:55Z,2024-08-11T11:55:55Z
0.0,0.0,0.0,298,2024-08-11T11:55:55Z,2024-08-12T11:55:55Z
0.0,0.0,0.0,299,2024-08-12T11:55:55Z,2024-08-13T11:55:55Z
0.0,0.0,0.0,300,2024-08-13T11:55:55Z,2024-08-14T11:55:55Z
0.0,0.0,0.0,301,2024-08-14T11:55:55Z,2024-08-15T11:55:55Z
0.0,0.0,0.0,302,2024-08-15T11:55:55Z,2024-08-16T11:55:55Z
0.0,0.0,0.0,303,2024-08-16T11:55:55Z,2024-08-17T11:55:55Z
0.0,0.0,0.0,304,2024-08-17T11:55:55Z,2024-08-18T11:55:55Z
0.0,0.0,0.0,305,2024-08-18T11:55:55Z,2024-08-19T11:55:55Z
0.0,0.0,0.0,306,2024-08-19T11:55:55Z,2024-08-20T11:55:55Z
0.0,0.0,0.0,307,2024-08-20T11:55:55Z,2024-08-21T11:55:55Z
0.0,0.0,0.0,308,2024-08-21T11:55:55Z,2024-08-22T11:55:55Z
0.0,0.0,0.0,309,2024-08-22T11:55:55Z,2024-08-23T11:55:55Z
0.0,0.0,0.0,310,2024-08-23T11:55:55Z,2024-08-24T11:55:55Z
0.0,0.0,0.0,311,2024-08-24T11:55:55Z,2024-08-25T11:55:55Z
0.0,0.0,0.0,312,2024-08-25T11:55:55Z,2024-08-26T11:55:55Z
0.0,0.0,0.0,313,2024-08-26T11:55:55Z,2024-08-27T11:55:55Z
0.0,0.0,0.0,314,2024-08-27T11:55:55Z,2024-08-28T11:55:55Z
0.0,0.0,0.0,315,2024-08-28T11:55:55Z,2024-08-29T11:55:55Z
0.0,0.0,0.0,316,2024-08-29T11:55:55Z,2024-08-30T11:55:55Z
0.0,0.0,0.0,317,2024-08-30T11:55:55Z,2024-08-31T11:55:55Z
0.0,0.0,0.0,318,2024-08-31T11:55:55Z,2024-09-01T11:55:55Z
0.0,0.0,0.0,319,2024-09-01T11:55:55Z,2024-09-02T11:55:55Z
0.0,0.0,0.0,320,2024-09-02T11:55:55Z,2024-09-03T11:55:55Z
0.0,0.0,0.0,321,2024-09-03T11:55:55Z,2024-09-04T11:55:55Z
0.0,0.0,0.0,322,2024-09-04T11:55:55Z,2024-09-05T11:55:55Z
0.0,0.0,0.0,323,2024-09-05T11:55:55Z,2024-09-06T11:55:55Z
0.0,0.0,0.0,324,2024-09-06T11:55:55Z,2024-09-07T11:55:55Z
0.0,0.0,0.0,325,2024-09-07T11:55:55Z,2024-09-08T11:55:55Z
0.0,0.0,0.0,326,2024-09-08T11:55:55Z,2024-09-09T11:55:55Z
0.0,0.0,0.0,327,2024-09-09T11:55:55Z,2024-09-10T11:55:55Z
0.0,0.0,0.0,328,2024-09-10T11:55:55Z,2024-09-11T11:55:55Z
0.0,0.0,0.0,329,2024-09-11T11:55:55Z,2024-09-12T11:55:55Z
0.0,0.0,0.0,330,2024-09-12T11:55:55Z,2024-09-13T11:55:55Z
0.0,0.0,0.0,331,2024-09-13T11:55:55Z,2024-09-14T11:55:55Z
0.0,0.0,0.0,332,2024-09-14T11:55:55Z,2024-09-15T11:55:55Z
0.0,0.0,0.0,333,2024-09-15T11:55:55Z,2024-09-16T11:55:55Z
0.0,0.0,0.0,334,2024-09-16T11:55:55Z,2024-09-17T11:55:55Z
0.0,0.0,0.0,335,2024-09-17T11:55:55Z,2024-09-18T11:55:55Z
0.0,0.0,0.0,336,2024-09-18T11:55:55Z,2024-09-19T11:55:55Z
0.0,0.0,0.0,337,2024-09-19T11:55:55Z,2024-09-20T11:55:55Z
0.0,0.0,0.0,338,2024-09-20T11:55:55Z,2024-09-21T11:55:55Z
0.0,0.0,0.0,339,2024-09-21T11:55:55Z,2024-09-22T11:55:55Z
0.0,0.0,0.0,340,2024-09-22T11:55:55Z,2024-09-23T11:55:55Z
0.0,0.0,0.0,341,2024-09-23T11:55:55Z,2024-09-24T11:55:55Z
0.0,0.0,0.0,342,2024-09-24T11:55:55Z,2024-09-25T11:55:55Z
0.0,0.0,0.0,343,2024-09-25T11:55:55Z,2024-09-26T11:55:55Z
0.0,0.0,0.0,344,2024-09-26T11:55:55Z,2024-09-27T11:55:55Z
0.0,0.0,0.0,345,2024-09-27T11:55:55Z,2024-09-28T11:55:55Z
0.0,0.0,0.0,346,2024-09-28T11:55:55Z,2024-09-29T11:55:55Z
0.0,0.0,0.0,347,2024-09-29T11:55:55Z,2024-09-30T11:55:55Z
0.0,0.0,0.0,348,2024-09-30T11:55:55Z,2024-10-01T11:55:55Z
0.0,0.0,0.0,349,2024-10-01T11:55:55Z,2024-10-02T11:55:55Z
0.0,0.0,0.0,350,2024-10-02T11:55:55Z,2024-10-03T11:55:55Z
0.0,0.0,0.0,351,2024-10-03T11:55:55Z,2024-10-04T11:55:55Z
0.0,0.0,0.0,352,2024-10-04T11:55:55Z,2024-10-05T11:55:55Z
0.0,0.0,0.0,353,2024-10-05T11:55:55Z,2024-10-06T11:55:55Z
0.0,0.0,0.0,354,2024-10-06T11:55:55Z,2024-10-07T11:55:55Z
0.0,0.0,0.0,355,2024-10-07T11:55:55Z,2024-10-08T11:55:55Z
0.0,0.0,0.0,356,2024-10-08T11:55:55Z,2024-10-09T11:55:55Z
0.0,0.0,0.0,357,2024-10-09T11:55:55Z,2024-10-10T11:55:55Z
0.0,0.0,0.0,358,2024-10-10T11:55:55Z,2024-10-11T11:55:55Z
0.0,0.0,0.0,359,2024-10-11T11:55:55Z,2024-10-12T11:55:55Z
0.0,0.0,0.0,0,2024-10-12T11:55:55Z,2024-10-13T11:55:55Z
0.0,0.0,0.0,1,2024-10-13T11:55:55Z,2024-10-14T11:55:55Z
0.0,0.0,0.0,2,2024-10-14T11:55:55Z,2024-10-15T11:55:55Z
0.0,0.0,0.0,3,2024-10-15T11:55:55Z,2024-10-16T11:55:55Z
0.0,0.0,0.0,4,2024-10-16T11:55:55Z,2024-10-17T11:55:55Z
0.0,0.0,0.0,5,2024-10-17T11:55:55Z,2024-10-18T11:55:55Z
0.0,0.0,0.0,6,2024-10-18T11:55:55Z,2024-10-19T11:55:55Z
0.0,0.0,0.0,7,2024-10-19T11:55:55Z,2024-10-20T11:55:55Z
0.0,0.0,0.0,8,2024-10-20T11:55:55Z,2024-10-21T11:55:55Z
0.0,0.0,0.0,9,2024-10-21T11:55:55Z,2024-10-22T11:55:55Z
0.0,0.0,0.0,10,2024-10-22T11:55:55Z,2024-10-23T11:55:55Z
0.0,0.0,0.0,11,2024-10-23T11:55:55Z,2024-10-24T11:55:55Z
0.0,0.0,0.0,12,2024-10-24T11:55:55Z,2024-10-25T11:55:55Z
0.0,0.0,0.0,13,2024-10-25T11:55:55Z,2024-10-26T11:55:55Z
0.0,0.0,0.0,14,2024-10-26T11:55:55Z,2024-10-27T11:55:55Z
0.0,0.0,0.0,15,2024-10-27T11:55:55Z,2024-10-28T11:55:55Z
0.0,0.0,0.0,16,2024-10-28T11:55:55Z,2024-10-29T11:55:55Z
0.0,0.0,0.0,17,2024-10-29T11:55:55Z,2024-10-30T11:55:55Z
0.0,0.0,0.0,18,2024-10-30T11:55:55Z,2024-10-31T11:55:55Z
0.0,0.0,0.0,19,2024-10-31T11:55:55Z,2024-11-01T11:55:55Z
0.0,0.0,0.0,20,2024-11-01T11:55:55Z,2024-11-02T11:55:55Z
0.0,0.0,0.0,21,2024-11-02T11:55:55Z,2024-11-03T11:55:55Z
0.0,0.0,0.0,22,2024-11-03T11:55:55Z,2024-11-04T11:55:55Z
0.0,0.0,0.0,23,2024-11-04T11:55:55Z,2024-11-05T11:55:55Z
0.0,0.0,0.0,24,2024-11-05T11:55:55Z,2024-11-06T11:55:55Z
0.0,0.0,0.0,25,2024-11-06T11:55:55Z,2024-11-07T11:55:55Z
0.0,0.0,0.0,26,2024-11-07T11:55:55Z,2024-11-08T11:55:55Z
0.0,0.0,0.0,27,2024-11-08T11:55:55Z,2024-11-09T11:55:55Z
0.0,0.0,0.0,28,2024-11-09T11:55:55Z,2024-11-10T11:55:55Z
0.0,0.0,0.0,29,2024-11-10T11:55:55Z,2024-11-11T11:55:55Z
0.0,0.0,0.0,30,2024-11-11T11:55:55Z,2024-11-12T11:55:55Z
0.0,0.0,0.0,31,2024-11-12T11:55:55Z,2024-11-13T11:55:55Z
0.0,0.0,0.0,32,2024-11-13T11:55:55Z,2024-11-14T11:55:55Z
0.0,0.0,0.0,33,2024-11-14T11:55:55Z,2024-11-15T11:55:55Z
0.0,0.0,0.0,34,2024-11-15T11:55:55Z,2024-11-16T11:55:55Z
0.0,0.0,0.0,35,2024-11-16T11:55:55Z,2024-11-17T11:55:55Z
0.0,0.0,0.0,36,2024-11-17T11:55:55Z,2024-11-18T11:55:55Z
0.0,0.0,0.0,37,2024-11-18T11:55:55Z,2024-11-19T11:55:55Z
0.0,0.0,0.0,38,2024-11-19T11:55:55Z,2024-11-20T11:55:55Z
0.0,0.0,0.0,39,2024-11-20T11:55:55Z,2024-11-21T11:55:55Z
0.0,0.0,0.0,40,2024-11-21T11:55:55Z,2024-11-22T11:55:55Z
0.0,0.0,0.0,41,2024-11-22T11:55:55Z,2024-11-23T11:55:55Z
0.0,0.0,0.0,42,2024-11-23T11:55:55Z,2024-11-24T11:55:55Z
0.0,0.0,0.0,43,2024-11-24T11:55:55Z,2024-11-25T11:55:55Z
0.0,0.0,0.0,44,2024-11-25T11:55:55Z,2024-11-26T11:55:55Z
0.0,0.0,0.0,45,2024-11-26T11:55:55Z,2024-11-27T11:55:55Z
0.0,0.0,0.0,46,2024-11-27T11:55:55Z,2024-11-28T11:55:55Z
0.0,0.0,0.0,47,2024-11-28T11:55:55Z,2024-11-29T11:55:55Z
0.0,0.0,0.0,48,2024-11-29T11:55:55Z,2024-11-30T11:55:55Z
0.0,0.0,0.0,49,2024-11-30T11:55:55Z,2024-12-01T11:55:55Z
0.0,0.0,0.0,50,2024-12-01T11:55:55Z,2024-12-02T11:55:55Z
0.0,0.0,0.0,51,2024-12-02T11:55:55Z,2024-12-03T11:55:55Z
0.0,0.0,0.0,52,2024-12-03T11:55:55Z,2024-12-04T11:55:55Z
0.0,0.0,0.0,53,2024-12-04T11:55:55Z,2024-12-05T11:55:55Z
0.0,0.0,0.0,54,2024-12-05T11:55:55Z,2024-12-06T11:55:55Z
0.0,0.0,0.0,55,2024-12-06T11:55:55Z,2024-12-07T11:55:55Z
0.0,0.0,0.0,56,2024-12-07T11:55:55Z,2024-12-08T11:55:55Z
0.0,0.0,0.0,57,2024-12-08T11:55:55Z,2024-12-09T11:55:55Z
0.0,0.0,0.0,58,2024-12-09T11:55:55Z,2024-12-10T11:55:55Z
0.0,0.0,0.0,59,2024-12-10T11:55:55Z,2024-12-11T11:55:55Z
0.0,0.0,0.0,60,2024-12-11T11:55:55Z,2024-12-12T11:55:55Z
0.0,0.0,0.0,61,2024-12-12T11:55:55Z,2024-12-13T11:55:55Z
0.0,0.0,0.0,62,2024-12-13T11:55:55Z,2024-12-14T11:55:55Z
0.0,0.0,0.0,63,2024-12-14T11:55:55Z,2024-12-15T11:55:55Z
0.0,0.0,0.0,64,2024-12-15T11:55:55Z,2024-12-16T11:55:55Z
0.0,0.0,0.0,65,2024-12-16T11:55:55Z,2024-12-17T11:55:55Z
0.0,0.0,0.0,66,2024-12-17T11:55:55Z,2024-12-18T11:55:55Z
0.0,0.0,0.0,67,2024-12-18T11:55:55Z,2024-12-19T11:55:55Z
0.0,0.0,0.0,68,2024-12-19T11:55:55Z,2024-12-20T11:55:55Z
0.0,0.0,0.0,69,2024-12-20T11:55:55Z,2024-12-21T11:55:55Z
0.0,0.0,0.0,70,2024-12-21T11:55:55Z,2024-12-22T11:55:55Z
0.0,0.0,0.0,71,2024-12-22T11:55:55Z,2024-12-23T11:55:55Z
0.0,0.0,0.0,72,2024-12-23T11:55:55Z,2024-12-24T11:55:55Z
0.0,0.0,0.0,73,2024-12-24T11:55:55Z,2024-12-25T11:55:55Z
0.0,0.0,0.0,74,2024-12-25T11:55:55Z,2024-12-26T11:55:55Z
0.0,0.0,0.0,75,2024-12-26T11:55:55Z,2024-12-27T11:55:55Z
0.0,0.0,0.0,76,2024-12-27T11:55:55Z,2024-12-28T11:55:55Z
0.0,0.0,0.0,77,2024-12-28T11:55:55Z,2024-12-29T11:55:55Z
0.0,0.0,0.0,78,2024-12-29T11:55:55Z,2024-12-30T11:55:55Z
0.0,0.0,0.0,79,2024-12-30T11:55:55Z,2024-12-31T11:55:55Z
0.0,0.0,0.0,80,2024-12-31T11:55:55Z,2025-01-01T11:55:55Z
0.0,0.0,0.0,81,2025-01-01T11:55:55Z,2025-01-02T11:55:55Z
0.0,0.0,0.0,82,2025-01-02T11:55:55Z,2025-01-03T11:55:55Z
0.0,0.0,0.0,83,2025-01-03T11:55:55Z,2025-01-04T11:55:55Z
0.0,0.0,0.0,84,2025-01-04T11:55:55Z,2025-01-05T11:55:55Z
0.0,0.0,0.0,85,2025-01-05T11:55:55Z,2025-01-06T11:55:55Z
0.0,0.0,0.0,86,2025-01-06T11:55:55Z,2025-01-07T11:55:55Z
0.0,0.0,0.0,87,2025-01-07T11:55:55Z,2025-01-08T11:55:55Z
0.0,0.0,0.0,88,2025-01-08T11:55:55Z,2025-01-09T11:55:55Z
0.0,0.0,0.0,89,2025-01-09T11:55:55Z,2025-01-10T11:55:55Z
0.0,0.0,0.0,90,2025-01-10T11:55:55Z,2025-01-11T11:55:55Z
0.0,0.0,0.0,91,2025-01-11T11:55:55Z,2025-01-12T11:55:55Z
0.0,0.0,0.0,92,2025-01-12T11:55:55Z,2025-01-13T11:55:55Z
0.0,0.0,0.0,93,2025-01-13T11:55:55Z,2025-01-14T11:55:55Z
0.0,0.0,0.0,94,2025-01-14T11:55:55Z,2025-01-15T11:55:55Z
0.0,0.0,0.0,95,2025-01-15T11:55:55Z,2025-01-16T11:55:55Z
0.0,0.0,0.0,96,2025-01-16T11:55:55Z,2025-01-17T11:55:55Z
0.0,0.0,0.0,97,2025-01-17T11:55:55Z,2025-01-18T11:55:55Z
0.0,0.0,0.0,98,2025-01-18T11:55:55Z,2025-01-19T11:55:55Z
0.0,0.0,0.0,99,2025-01-19T11:55:55Z,2025-01-20T11:55:55Z
0.0,0.0,0.0,100,2025-01-20T11:55:55Z,2025-01-21T11:55:55Z
0.0,0.0,0.0,101,2025-01-21T11:55:55Z,2025-01-22T11:55:55Z
0.0,0.0,0.0,102,2025-01-22T11:55:55Z,2025-01-23T11:55:55Z
0.0,0.0,0.0,103,2025-01-23T11:55:55Z,2025-01-24T11:55:55Z
0.0,0.0,0.0,104,2025-01-24T11:55:55Z,2025-01-25T11:55:55Z
0.0,0.0,0.0,105,2025-01-25T11:55:55Z,2025-01-26T11:55:55Z
0.0,0.0,0.0,106,2025-01-26T11:55:55Z,2025-01-27T11:55:55Z
0.0,0.0,0.0,107,2025-01-27T11:55:55Z,2025-01-28T11:55:55Z
0.0,0.0,0.0,108,2025-01-28T11:55:55Z,2025-01-29T11:55:55Z
0.0,0.0,0.0,109,2025-01-29T11:55:55Z,2025-01-30T11:55:55Z
0.0,0.0,0.0,110,2025-01-30T11:55:55Z,2025-01-31T11:55:55Z
0.0,0.0,0.0,111,2025-01-31T11:55:55Z,2025-02-01T11:55:55Z
0.0,0.0,0.0,112,2025-02-01T11:55:55Z,2025-02-02T11:55:55Z
0.0,0.0,0.0,113,2025-02-02T11:55:55Z,2025-02-03T11:55:55Z
0.0,0.0,0.0,114,2025-02-03T11:55:55Z,2025-02-04T11:55:55Z
0.0,0.0,0.0,115,2025-02-04T11:55:55Z,2025-02-05T11:55:55Z
0.0,0.0,0.0,116,2025-02-05T11:55:55Z,2025-02-06T11:55:55Z
0.0,0.0,0.0,117,2025-02-06T11:55:55Z,2025-02-07T11:55:55Z
0.0,0.0,0.0,118,2025-02-07T11:55:55Z,2025-02-08T11:55:55Z
0.0,0.0,0.0,119,2025-02-08T11:55:55Z,2025-02-09T11:55:55Z
0.0,0.0,0.0,120,2025-02-09T11:55:55Z,2025-02-10T11:55:55Z
0.0,0.0,0.0,121,2025-02-10T11:55:55Z,2025-02-11T11:55:55Z
0.0,0.0,0.0,122,2025-02-11T11:55:55Z,2025-02-12T11:55:55Z
0.0,0.0,0.0,123,2025-02-12T11:55:55Z,2025-02-13T11:55:55Z
0.0,0.0,0.0,124,2025-02-13T11:55:55Z,2025-02-14T11:55:55Z
0.0,0.0,0.0,125,2025-02-14T11:55:55Z,2025-02-15T11:55:55Z
0.0,0.0,0.0,126,2025-02-15T11:55:55Z,2025-02-16T11:55:55Z
0.0,0.0,0.0,127,2025-02-16T11:55:55Z,2025-02-17T11:55:55Z
0.0,0.0,0.0,128,2025-02-17T11:55:55Z,2025-02-18T11:55:55Z
0.0,0.0,0.0,129,2025-02-18T11:55:55Z,2025-02-19T11:55:55Z
0.0,0.0,0.0,130,2025-02-19T11:55:55Z,2025-02-20T11:55:55Z
0.0,0.0,0.0,131,2025-02-20T11:55:55Z,2025-02-21T11:55:55Z
0.0,0.0,0.0,132,2025-02-21T11:55:55Z,2025-02-22T11:55:55Z
0.0,0.0,0.0,133,2025-02-22T11:55:55Z,2025-02-23T11:55:55Z
0.0,0.0,0.0,134,2025-02-23T11:55:55Z,2025-02-24T11:55:55Z
0.0,0.0,0.0,135,2025-02-24T11:55:55Z,2025-02-25T11:55:55Z
0.0,0.0,0.0,136,2025-02-25T11:55:55Z,2025-02-26T11:55:55Z
0.0,0.0,0.0,137,2025-02-26T11:55:55Z,2025-02-27T11:55:55Z
0.0,0.0,0.0,138,2025-02-27T11:55:55Z,2025-02-28T11:55:55Z
0.0,0.0,0.0,139,2025-02-28T11:55:55Z,2025-03-01T11:55:55Z
0.0,0.0,0.0,140,2025-03-01T11:55:55Z,2025-03-02T11:55:55Z
0.0,0.0,0.0,141,2025-03-02T11:55:55Z,2025-03-03T11:55:55Z
0.0,0.0,0.0,142,2025-03-03T11:55:55Z,2025-03-04T11:55:55Z
0.0,0.0,0.0,143,2025-03-04T11:55:55Z,2025-03-05T11:55:55Z
0.0,0.0,0.0,144,2025-03-05T11:55:55Z,2025-03-06T11:55:55Z
0.0,0.0,0.0,145,2025-03-06T11:55:55Z,2025-03-07T11:55:55Z
0.0,0.0,0.0,146,2025-03-07T11:55:55Z,2025-03-08T11:55:55Z
0.0,0.0,0.0,147,2025-03-08T11:55:55Z,2025-03-09T11:55:55Z
0.0,0.0,0.0,148,2025-03-09T11:55:55Z,2025-03-10T11:55:55Z
0.0,0.0,0.0,149,2025-03-10T11:55:55Z,2025-03-11T11:55:55Z
0.0,0.0,0.0,150,2025-03-11T11:55:55Z,2025-03-12T11:55:55Z
0.0,0.0,0.0,151,2025-03-12T11:55:55Z,2025-03-13T11:55:55Z
0.0,0.0,0.0,152,2025-03-13T11:55:55Z,2025-03-14T11:55:55Z
0.0,0.0,0.0,153,2025-03-14T11:55:55Z,2025-03-15T11:55:55Z
0.0,0.0,0.0,154,2025-03-15T11:55:55Z,2025-03-16T11:55:55Z
0.0,0.0,0.0,155,2025-03-16T11:55:55Z,2025-03-17T11:55:55Z
0.0,0.0,0.0,156,2025-03-17T11:55:55Z,2025-03-18T11:55:55Z
0.0,0.0,0.0,157,2025-03-18T11:55:55Z,2025-03-19T11:55:55Z
0.0,0.0,0.0,158,2025-03-19T11:55:55Z,2025-03-20T11:55:55Z
0.0,0.0,0.0,159,2025-03-20T11:55:55Z,2025-03-21T11:55:55Z
0.0,0.0,0.0,160,2025-03-21T11:55:55Z,2025-03-22T11:55:55Z
0.0,0.0,0.0,161,2025-03-22T11:55:55Z,2025-03-23T11:55:55Z
0.0,0.0,0.0,162,2025-03-23T11:55:55Z,2025-03-24T11:55:55Z
0.0,0.0,0.0,163,2025-03-24T11:55:55Z,2025-03-25T11:55:55Z
0.0,0.0,0.0,164,2025-03-25T11:55:55Z,2025-03-26T11:55:55Z
0.0,0.0,0.0,165,2025-03-26T11:55:55Z,2025-03-27T11:55:55Z
0.0,0.0,0.0,166,2025-03-27T11:55:55Z,2025-03-28T11:55:55Z
0.0,0.0,0.0,167,2025-03-28T11:55:55Z,2025-03-29T11:55:55Z
0.0,0.0,0.0,168,2025-03-29T11:55:55Z,2025-03-30T11:55:55Z
0.0,0.0,0.0,169,2025-03-30T11:55:55Z,2025-03-31T11:55:55Z
0.0,0.0,0.0,170,2025-03-31T11:55:55Z,2025-04-01T11:55:55Z
0.0,0.0,0.0,171,2025-04-01T11:55:55Z,2025-04-02T11:55:55Z
0.0,0.0,0.0,172,2025-04-02T11:55:55Z,2025-04-03T11:55:55Z
0.0,0.0,0.0,173,2025-04-03T11:55:55Z,2025-04-04T11:55:55Z
0.0,0.0,0.0,174,2025-04-04T11:55:55Z,2025-04-05T11:55:55Z
0.0,0.0,0.0,175,2025-04-05T11:55:55Z,2025-04-06T11:55:55Z
0.0,0.0,0.0,176,2025-04-06T11:55:55Z,2025-04-07T11:55:55Z
0.0,0.0,0.0,177,2025-04-07T11:55:55Z,2025-04-08T11:55:55Z
0.0,0.0,0.0,178,2025-04-08T11:55:55Z,2025-04-09T11:55:55Z
0.0,0.0,0.0,179,2025-04-09T11:55:55Z,2025-04-10T11:55:55Z
0.0,0.0,0.0,180,2025-04-10T11:55:55Z,2025-04-11T11:55:55Z
0.0,0.0,0.0,181,2025-04-11T11:55:55Z,2025-04-12T11:55:55Z
0.0,0.0,0.0,182,2025-04-12T11:55:55Z,2025-04-13T11:55:55Z
0.0,0.0,0.0,183,2025-04-13T11:55:55Z,2025-04-14T11:55:55Z
0.0,0.0,0.0,184,2025-04-14T11:55:55Z,2025-04-15T11:55:55Z
0.0,0.0,0.0,185,2025-04-15T11:55:55Z,2025-04-16T11:55:55Z
0.0,0.0,0.0,186,2025-04-16T11:55:55Z,2025-04-17T11:55:55Z
0.0,0.0,0.0,187,2025-04-17T11:55:55Z,2025-04-18T11:55:55Z
0.0,0.0,0.0,188,2025-04-18T11:55:55Z,2025-04-19T11:55:55Z
0.0,0.0,0.0,189,2025-04-19T11:55:55Z,2025-04-20T11:55:55Z
0.0,0.0,0.0,190,2025-04-20T11:55:55Z,2025-04-21T11:55:55Z
0.0,0.0,0.0,191,2025-04-21T11:55:55Z,2025-04-22T11:55:55Z
0.0,0.0,0.0,192,2025-04-22T11:55:55Z,2025-04-23T11:55:55Z
0.0,0.0,0.0,193,2025-04-23T11:55:55Z,2025-04-24T11:55:55Z
0.0,0.0,0.0,194,2025-04-24T11:55:55Z,2025-04-25T11:55:55Z
0.0,0.0,0.0,195,2025-04-25T11:55:55Z,2025-04-26T11:55:55Z
0.0,0.0,0.0,196,2025-04-26T11:55:55Z,2025-04-27T11:55:55Z
0.0,0.0,0.0,197,2025-04-27T11:55:55Z,2025-04-28T11:55:55Z
0.0,0.0,0.0,198,2025-04-28T11:55:55Z,2025-04-29T11:55:55Z
0.0,0.0,0.0,199,2025-04-29T11:55:55Z,2025-04-30T11:55:55Z
0.0,0.0,0.0,200,2025-04-30T11:55:55Z,2025-05-01T11:55:55Z
0.0,0.0,0.0,201,2025-05-01T11:55:55Z,2025-05-02T11:55:55Z
0.0,0.0,0.0,202,2025-05-02T11:55:55Z,2025-05-03T11:55:55Z
0.0,0.0,0.0,203,2025-05-03T11:55:55Z,2025-05-04T11:55:55Z
0.0,0.0,0.0,204,2025-05-04T11:55:55Z,2025-05-05T11:55:55Z
0.0,0.0,0.0,205,2025-05-05T11:55:55Z,2025-05-06T11:55:55Z
0.0,0.0,0.0,206,2025-05-06T11:55:55Z,2025-05-07T11:55:55Z
0.0,0.0,0.0,207,2025-05-07T11:55:55Z,2025-05-08T11:55:55Z
0.0,0.0,0.0,208,2025-05-08T11:55:55Z,2025-05-09T11:55:55Z
0.0,0.0,0.0,209,2025-05-09T11:55:55Z,2025-05-10T11:55:55Z
0.0,0.0,0.0,210,2025-05-10T11:55:55Z,2025-05-11T11:55:55Z
0.0,0.0,0.0,211,2025-05-11T11:55:55Z,2025-05-12T11:55:55Z
0.0,0.0,0.0,212,2025-05-12T11:55:55Z,2025-05-13T11:55:55Z
0.0,0.0,0.0,213,2025-05-13T11:55:55Z,2025-05-14T11:55:55Z
0.0,0.0,0.0,214,2025-05-14T11:55:55Z,2025-05-15T11:55:55Z
0.0,0.0,0.0,215,2025-05-15T11:55:55Z,2025-05-16T11:55:55Z
0.0,0.0,0.0,216,2025-05-16T11:55:55Z,2025-05-17T11:55:55Z
0.0,0.0,0.0,217,2025-05-17T11:55:55Z,2025-05-18T11:55:55Z
0.0,0.0,0.0,218,2025-05-18T11:55:55Z,2025-05-19T11:55:55Z
0.0,0.0,0.0,219,2025-05-19T11:55:55Z,2025-05-20T11:55:55Z
0.0,0.0,0.0,220,2025-05-20T11:55:55Z,2025-05-21T11:55:55Z
0.0,0.0,0.0,221,2025-05-21T11:55:55Z,2025-05-22T11:55:55Z
0.0,0.0,0.0,222,2025-05-22T11:55:55Z,2025-05-23T11:55:55Z
0.0,0.0,0.0,223,2025-05-23T11:55:55Z,2025-05-24T11:55:55Z
0.0,0.0,0.0,224,2025-05-24T11:55:55Z,2025-05-25T11:55:55Z
0.0,0.0,0.0,225,2025-05-25T11:55:55Z,2025-05-26T11:55:55Z
0.0,0.0,0.0,226,2025-05-26T11:55:55Z,2025-05-27T11:55:55Z
0.0,0.0,0.0,227,2025-05-27T11:55:55Z,2025-05-28T11:55:55Z
0.0,0.0,0.0,228,2025-05-28T11:55:55Z,2025-05-29T11:55:55Z
0.0,0.0,0.0,229,2025-05-29T11:55:55Z,2025-05-30T11:55:55Z
0.0,0.0,0.0,230,2025-05-30T11:55:55Z,2025-05-31T11:55:55Z
0.0,0.0,0.0,231,2025-05-31T11:55:55Z,2025-06-01T11:55:55Z
0.0,0.0,0.0,232,2025-06-01T11:55:55Z,2025-06-02T11:55:55Z
0.0,0.0,0.0,233,2025-06-02T11:55:55Z,2025-06-03T11:55:55Z
0.0,0.0,0.0,234,2025-06-03T11:55:55Z,2025-06-04T11:55:55Z
0.0,0.0,0.0,235,2025-06-04T11:55:55Z,2025-06-05T11:55:55Z
0.0,0.0,0.0,236,2025-06-05T11:55:55Z,2025-06-06T11:55:55Z
0.0,0.0,0.0,237,2025-06-06T11:55:55Z,2025-06-07T11:55:55Z
0.0,0.0,0.0,238,2025-06-07T11:55:55Z,2025-06-08T11:55:55Z
0.0,0.0,0.0,239,2025-06-08T11:55:55Z,2025-06-09T11:55:55Z
0.0,0.0,0.0,240,2025-06-09T11:55:55Z,2025-06-10T11:55:55Z
0.0,0.0,0.0,241,2025-06-10T11:55:55Z,2025-06-11T11:55:55Z
0.0,0.0,0.0,242,2025-06-11T11:55:55Z,2025-06-12T11:55:55Z
0.0,0.0,0.0,243,2025-06-12T11:55:55Z,2025-06-13T11:55:55Z
0.0,0.0,0.0,244,2025-06-13T11:55:55Z,2025-06-14T11:55:55Z
0.0,0.0,0.0,245,2025-06-14T11:55:55Z,2025-06-15T11:55:55Z
0.0,0.0,0.0,246,2025-06-15T11:55:55Z,2025-06-16T11:55:55Z
0.0,0.0,0.0,247,2025-06-16T11:55:55Z,2025-06-17T11:55:55Z
0.0,0.0,0.0,248,2025-06-17T11:55:55Z,2025-06-18T11:55:55Z
0.0,0.0,0.0,249,2025-06-18T11:55:55Z,2025-06-19T11:55:55Z
0.0,0.0,0.0,250,2025-06-19T11:55:55Z,2025-06-20T11:55:55Z
0.0,0.0,0.0,251,2025-06-20T11:55:55Z,2025-06-21T11:55:55Z
0.0,0.0,0.0,252,2025-06-21T11:55:55Z,2025-06-22T11:55:55Z
0.0,0.0,0.0,253,2025-06-22T11:55:55Z,2025-06-23T11:55:55Z
0.0,0.0,0.0,254,2025-06-23T11:55:55Z,2025-06-24T11:55:55Z
0.0,0.0,0.0,255,2025-06-24T11:55:55Z,2025-06-25T11:55:55Z
0.0,0.0,0.0,256,2025-06-25T11:55:55Z,2025-06-26T11:55:55Z
0.0,0.0,0.0,257,2025-06-26T11:55:55Z,2025-06-27T11:55:55Z
0.0,0.0,0.0,258,2025-06-27T11:55:55Z,2025-06-28T11:55:55Z
0.0,0.0,0.0,259,2025-06-28T11:55:55Z,2025-06-29T11:55:55Z
0.0,0.0,0.0,260,2025-06-29T11:55:55Z,2025-06-30T11:55:55Z
0.0,0.0,0.0,261,2025-06-30T11:55:55Z,2025-07-01T11:55:55Z
0.0,0.0,0.0,262,2025-07-01T11:55:55Z,2025-07-02T11:55:55Z
0.0,0.0,0.0,263,2025-07-02T11:55:55Z,2025-07-03T11:55:55Z
0.0,0.0,0.0,264,2025-07-03T11:55:55Z,2025-07-04T11:55:55Z
0.0,0.0,0.0,265,2025-07-04T11:55:55Z,2025-07-05T11:55:55Z
0.0,0.0,0.0,266,2025-07-05T11:55:55Z,2025-07-06T11:55:55Z
0.0,0.0,0.0,267,2025-07-06T11:55:55Z,2025-07-07T11:55:55Z
0.0,0.0,0.0,268,2025-07-07T11:55:55Z,2025-07-08T11:55:55Z
0.0,0.0,0.0,269,2025-07-08T11:55:55Z,2025-07-09T11:55:55Z
0.0,0.0,0.0,270,2025-07-09T11:55:55Z,2025-07-10T11:55:55Z
0.0,0.0,0.0,271,2025-07-10T11:55:55Z,2025-07-11T11:55:55Z
0.0,0.0,0.0,272,2025-07-11T11:55:55Z,2025-07-12T11:55:55Z
0.0,0.0,0.0,273,2025-07-12T11:55:55Z,2025-07-13T11:55:55Z
0.0,0.0,0.0,274,2025-07-13T11:55:55Z,2025-07-14T11:55:55Z
0.0,0.0,0.0,275,2025-07-14T11:55:55Z,2025-07-15T11:55:55Z
0.0,0.0,0.0,276,2025-07-15T11:55:55Z,2025-07-16T11:55:55Z
0.0,0.0,0.0,277,2025-07-16T11:55:55Z,2025-07-17T11:55:55Z
0.0,0.0,0.0,278,2025-07-17T11:55:55Z,2025-07-18T11:55:55Z
0.0,0.0,0.0,279,2025-07-18T11:55:55Z,2025-07-19T11:55:55Z
0.0,0.0,0.0,280,2025-07-19T11:55:55Z,2025-07-20T11:55:55Z
0.0,0.0,0.0,281,2025-07-20T11:55:55Z,2025-07-21T11:55:55Z
0.0,0.0,0.0,282,2025-07-21T11:55:55Z,2025-07-22T11:55:55Z
0.0,0.0,0.0,283,2025-07-22T11:55:55Z,2025-07-23T11:55:55Z
0.0,0.0,0.0,284,2025-07-23T11:55:55Z,2025-07-24T11:55:55Z
0.0,0.0,0.0,285,2025-07-24T11:55:55Z,2025-07-25T11:55:55Z
0.0,0.0,0.0,286,2025-07-25T11:55:55Z,2025-07-26T11:55:55Z
0.0,0.0,0.0,287,2025-07-26T11:55:55Z,2025-07-27T11:55:55Z
0.0,0.0,0.0,288,2025-07-27T11:55:55Z,2025-07-28T11:55:55Z
0.0,0.0,0.0,289,2025-07-28T11:55:55Z,2025-07-29T11:55:55Z
0.0,0.0,0.0,290,2025-07-29T11:55:55Z,2025-07-30T11:55:55Z
0.0,0.0,0.0,291,2025-07-30T11:55:55Z,2025-07-31T11:55:55Z
0.0,0.0,0.0,292,2025-07-31T11:55:55Z,2025-08-01T11:55:55Z
0.0,0.0,0.0,293,2025-08-01T11:55:55Z,2025-08-02T11:55:55Z
0.0,0.0,0.0,294,2025-08-02T11:55:55Z,2025-08-03T11:55:55Z
0.0,0.0,0.0,295,2025-08-03T11:55:55Z,2025-08-04T11:55:55Z
0.0,0.0,0.0,296,2025-08-04T11:55:55Z,2025-08-05T11:55:55Z
0.0,0.0,0.0,297,2025-08-05T11:55:55Z,2025-08-06T11:55:55Z
0.0,0.0,0.0,298,2025-08-06T11:55:55Z,2025-08-07T11:55:55Z
0.0,0.0,0.0,299,2025-08-07T11:55:55Z,2025-08-08T11:55:55Z
0.0,0.0,0.0,300,2025-08-08T11:55:55Z,2025-08-09T11:55:55Z
0.0,0.0,0.0,301,2025-08-09T11:55:55Z,2025-08-10T11:55:55Z
0.0,0.0,0.0,302,2025-08-10T11:55:55Z,2025-08-11T11:55:55Z
0.0,0.0,0.0,303,2025-08-11T11:55:55Z,2025-08-12T11:55:55Z
0.0,0.0,0.0,304,2025-08-12T11:55:55Z,2025-08-13T11:55:55Z
0.0,0.0,0.0,305,2025-08-13T11:55:55Z,2025-08-14T11:55:55Z
0.0,0.0,0.0,306,2025-08-14T11:55:55Z,2025-08-15T11:55:55Z
0.0,0.0,0.0,307,2025-08-15T11:55:55Z,2025-08-16T11:55:55Z
0.0,0.0,0.0,308,2025-08-16T11:55:55Z,2025-08-17T11:55:55Z
0.0,0.0,0.0,309,2025-08-17T11:55:55Z,2025-08-18T11:55:55Z
0.0,0.0,0.0,310,2025-08-18T11:55:55Z,2025-08-19T11:55:55Z
0.0,0.0,0.0,311,2025-08-19T11:55:55Z,2025-08-20T11:55:55Z
0.0,0.0,0.0,312,2025-08-20T11:55:55Z,2025-08-21T11:55:55Z
0.0,0.0,0.0,313,2025-08-21T11:55:55Z,2025-08-22T11:55:55Z
0.0,0.0,0.0,314,2025-08-22T11:55:55Z,2025-08-23T11:55:55Z
0.0,0.0,0.0,315,2025-08-23T11:55:55Z,2025-08-24T11:55:55Z
0.0,0.0,0.0,316,2025-08-24T11:55:55Z,2025-08-25T11:55:55Z
0.0,0.0,0.0,317,2025-08-25T11:55:55Z,2025-08-26T11:55:55Z
0.0,0.0,0.0,318,2025-08-26T11:55:55Z,2025-08-27T11:55:55Z
0.0,0.0,0.0,319,2025-08-27T11:55:55Z,2025-08-28T11:55:55Z
0.0,0.0,0.0,320,2025-08-28T11:55:55Z,2025-08-29T11:55:55Z
0.0,0.0,0.0,321,2025-08-29T11:55:55Z,2025-08-30T11:55:55Z
0.0,0.0,0.0,322,2025-08-30T11:55:55Z,2025-08-31T11:55:55Z
0.0,0.0,0.0,323,2025-08-31T11:55:55Z,2025-09-01T11:55:55Z
0.0,0.0,0.0,324,2025-09-01T11:55:55Z,2025-09-02T11:55:55Z
0.0,0.0,0.0,325,2025-09-02T11:55:55Z,2025-09-03T11:55:55Z
0.0,0.0,0.0,326,2025-09-03T11:55:55Z,2025-09-04T11:55:55Z
0.0,0.0,0.0,327,2025-09-04T11:55:55Z,2025-09-05T11:55:55Z
0.0,0.0,0.0,328,2025-09-05T11:55:55Z,2025-09-06T11:55:55Z
0.0,0.0,0.0,329,2025-09-06T11:55:55Z,2025-09-07T11:55:55Z
0.0,0.0,0.0,330,2025-09-07T11:55:55Z,2025-09-08T11:55:55Z
0.0,0.0,0.0,331,2025-09-08T11:55:55Z,2025-09-09T11:55:55Z
0.0,0.0,0.0,332,2025-09-09T11:55:55Z,2025-09-10T11:55:55Z
0.0,0.0,0.0,333,2025-09-10T11:55:55Z,2025-09-11T11:55:55Z
0.0,0.0,0.0,334,2025-09-11T11:55:55Z,2025-09-12T11:55:55Z
0.0,0.0,0.0,335,2025-09-12T11:55:55Z,2025-09-13T11:55:55Z
0.0,0.0,0.0,336,2025-09-13T11:55:55Z,2025-09-14T11:55:55Z
0.0,0.0,0.0,337,2025-09-14T11:55:55Z,2025-09-15T11:55:55Z
0.0,0.0,0.0,338,2025-09-15T11:55:55Z,2025-09-16T11:55:55Z
0.0,0.0,0.0,339,2025-09-16T11:55:55Z,2025-09-17T11:55:55Z
0.0,0.0,0.0,340,2025-09-17T11:55:55Z,2025-09-18T11:55:55Z
0.0,0.0,0.0,341,2025-09-18T11:55:55Z,2025-09-19T11:55:55Z
0.0,0.0,0.0,342,2025-09-19T11:55:55Z,2025-09-20T11:55:55Z
0.0,0.0,0.0,343,2025-09-20T11:55:55Z,2025-09-21T11:55:55Z
0.0,0.0,0.0,344,2025-09-21T11:55:55Z,2025-09-22T11:55:55Z
0.0,0.0,0.0,345,2025-09-22T11:55:55Z,2025-09-23T11:55:55Z
0.0,0.0,0.0,346,2025-09-23T11:55:55Z,2025-09-24T11:55:55Z
0.0,0.0,0.0,347,2025-09-24T11:55:55Z,2025-09-25T11:55:55Z
0.0,0.0,0.0,348,2025-09-25T11:55:55Z,2025-09-26T11:55:55Z
0.0,0.0,0.0,349,2025-09-26T11:55:55Z,2025-09-27T11:55:55Z
0.0,0.0,0.0,350,2025-09-27T11:55:55Z,2025-09-28T11:55:55Z
0.0,0.0,0.0,351,2025-09-28T11:55:55Z,2025-09-29T11:55:55Z
0.0,0.0,0.0,352,2025-09-29T11:55:55Z,2025-09-30T11:55:55Z
0.0,0.0,0.0,353,2025-09-30T11:55:55Z,2025-10-01T11:55:55Z
0.0,0.0,0.0,354,2025-10-01T11:55:55Z,2025-10-02T11:55:55Z
0.0,0.0,0.0,355,2025-10-02T11:55:55Z,2025-10-03T11:55:55Z
0.0,0.0,0.0,356,2025-10-03T11:55:55Z,2025-10-04T11:55:55Z
0.0,0.0,0.0,357,2025-10-04T11:55:55Z,2025-10-05T11:55:55Z
0.0,0.0,0.0,358,2025-10-05T11:55:55Z,2025-10-06T11:55:55Z
0.0,0.0,0.0,359,2025-10-06T11:55:55Z,2025-10-07T11:55:55Z
